s腹,ga跋q旄m,ga簿锣笨nキよそへ,ㄏノだ跋┪sw
RPRPMLOKNHLFFAW27CA,カ翠q,25.13,常カG
RPQNMLQKNHLFFAW17CA,カ翠q,19.12,常カG
RPVNMLNLNHLFFAW47CA,F匪@购q,105.00,常カG
RPOPMLLKNHLFFAW76DA,い孽购代q,412.52,常カGA
RPWNMLNLNHLFFAW57CA,び打购代q,514.00,常カGA
RPSNMLNKNHLFFAW07CA,鳘艾q,65.66,常カGㄤL
RPUNMLNKNHLFFAW27CA,鳘艾q,65.66,常カGㄤL
RPTNMLMKNHLFFAW07CA,い孽购代q,610.04,常カGA
RPUNMLMKNHLFFAW17CA,g娩q,320.00,常カGㄤL
RPPNMLNKNHLFFAW76CA,鳘艾q,17.80,常カGㄤL
RPRNMLNKNHLFFAW96CA,鳘艾q,22.51,常カGㄤL
RPOOMLNKNHLFFAW76CA,ZYq,1178.00,常カGㄤL
RPOOMLNKNHLFFAW76CA,P镭购代q,900.00,常カGA
RPQOMLNKNHLFFAW96CA,圭打@购q,15.81,常カGA
RPSNMLMKNHLFFAW96CA,鳘艾q,13.80,常カGㄤL
RPRNMLQLNHLFFAW37CA,カ翠q,12.52,常カG
RPSNMLQLNHLFFAW47CA,カ翠q,12.17,常カG
RPROMLNKNHLFFAW07CA,ge购代q,31.67,常カGㄤL
RPTOMLNKNHLFFAW27CA,ge购代q,20.90,常カGㄤL
RPSPMLOKNHLFFAW37CA,カ翠q,19.76,常カG
RPTPMLOKNHLFFAW47CA,カ翠q,13.43,常カG
RPUPMLOKNHLFFAW57CA,カ翠q,13.43,常カG
RPVPMLLKNHLFFAW37CA,废[q,3.17,常カGㄤL
RPVPMLLKNHLFFAW37CA,废[q,38.63,常カGㄤL
RPVPMLLKNHLFFAW37CA,废[q,18.11,常カGㄤL
RPVPMLLKNHLFFAW37CA,废[q,.15,常カGㄤL
RPQNMLMKNHLFFAW76CA,鳘艾q,41.60,常カGㄤL
RPRNMLMKNHLFFAW86CA,鳘艾q,34.06,常カGㄤL
RPPNMLMKNHLFFAW66CA,鳘艾q,34.06,常カGㄤL
RPUNMLQLNHLFFAW67CA,カ翠q,11.08,常カG
RPVNMLQLNHLFFAW77CA,カ翠q,11.08,常カG
RPXNMLNKNHLFFAW57CA,ge购代q,22.67,常カGㄤL
RPQNMLRKNHLFFAW27CA,鳘艾q,43.14,常カG
RPQNMLRKNHLFFAW27CA,鳘艾q,84.00,常カG
RPUNMLTKNHLFFAW87CA,ぱZcq,16.82,常カG
RPPNMLLLNHLFFAW66CA,vsq,232.00,常カGA
RPPNMLLLNHLFFAW66CA,Zv代q,320.45,常カGA
RPVNMLTKNHLFFAW97CA,い孽购代q,735.05,常カGA
RPWNMLTKNHLFFAW08CA,霉购代q,44.94,常カG
